<?xml version="1.0"  encoding="ISO-8859-1"?>
 <!DOCTYPE Configure PUBLIC "-//Mort Bay Consulting//DTD Configure//EN" "http://jetty.mortbay.org/configure.dtd">
 <Configure class="org.eclipse.jetty.webapp.WebAppContext">
    <Set name="contextPath">/geoserver</Set>
    <Set name="war"><SystemProperty name="jetty.home" default="../"/>geoserver</Set>
    <Call name="setAttribute">
      <Arg>org.eclipse.jetty.server.webapp.WebInfIncludeJarPattern</Arg>
      <Arg>WONTMATCH</Arg>
    </Call>
 </Configure>
